Dataset,Classifier,alpha,Base_F1_mean,Base_AUC_mean,KM_F1_mean,KM_AUC_mean,CAC_F1_mean,CAC_AUC_mean
adult,LR,0.05,0.5558685446009389,0.8529796710789154,0.6190785204412719,0.8591659265226881,0.6421004145555044,0.8682317272484145
cic,LR,0.05,0.450229709035222,0.8381763057366582,0.467953667953668,0.8335470764223321,0.4670846394984326,0.8333932542134999
creditcard,LR,0.02,0.3362345396243701,0.7256816899597418,0.5055475156777618,0.7443458708208762,0.5060474117077891,0.7440235870830165
diabetes,LR,2.5,0.11973121563836285,0.5605202484463643,0.5027053615346778,0.5613560596447237,0.4969636881893667,0.5382017653836588
magic,LR,0.01,0.8521180608655757,0.8396878933245597,0.8613042039059914,0.8897286710421559,0.8593646591661153,0.8895389440782685
sepsis,LR,0.005,0.5053868756121449,0.8279123753049292,0.40756143667296785,0.8603705600193322,0.4128686327077748,0.8601974925056367
titanic,LR,0.3,0.8389830508474576,0.9280388657545111,0.6741573033707865,0.8039857227840572,0.8346456692913387,0.9188776521911561
