,Dataset,Classifier,alpha,Base_F1_mean,Base_AUC_mean,KM_F1_mean,KM_AUC_mean,CAC_F1_mean,CAC_AUC_mean
0,diabetes,LR,0.5,0.11555464297364722,0.5677436453114627,0.49689903765619226,0.5637457517998158,0.4994319500059386,0.5639758390956962
1,diabetes,LR,0.8,0.11555464297364722,0.5677436453114627,0.49689903765619226,0.5637457630819867,0.5062464739092234,0.562048118189354
2,diabetes,LR,1.0,0.11555464297364722,0.5677436453114627,0.49689903765619226,0.5637457668421237,0.5068483285672081,0.56267600921731
3,diabetes,LR,1.5,0.11555464297364722,0.5677436453114627,0.49689903765619226,0.5637457630811068,0.5067148906693018,0.5571962170942811
4,diabetes,LR,2.0,0.11555464297364722,0.5677436453114627,0.49689903765619226,0.5637457969232205,0.5070319685351374,0.5531248111407031
5,diabetes,LR,2.25,0.11555464297364722,0.5677436453114627,0.49689903765619226,0.5637457706022608,0.5070003193353638,0.5553553857403215
6,diabetes,LR,2.5,0.11555464297364722,0.5677436453114627,0.49689903765619226,0.5637457931630834,0.50737257555547,0.5501456631511967
7,diabetes,LR,3.0,0.11555464297364722,0.5677436453114627,0.49689903765619226,0.5637457630819865,0.5072901995458284,0.5503572836695201
