Dataset,Classifier,alpha,Base_F1_mean,Base_AUC_mean,KM_F1_mean,KM_AUC_mean,CAC_F1_mean,CAC_AUC_mean
sepsis,LR,0.005,0.4973063053246028,0.8410010282562881,0.39269473498192875,0.8539274032244675,0.3953684523798918,0.8533995294120545
sepsis,LR,0.008,0.4973063053246028,0.8410010282562881,0.3929300119804576,0.8539317015598271,0.3932217008999007,0.853264008563805
sepsis,LR,0.01,0.4973063053246028,0.8410010282562881,0.3926940237798677,0.8539337302721755,0.39342464474717137,0.8522151813138217
sepsis,LR,0.015,0.4973063053246028,0.8410010282562881,0.39283423421631697,0.8539337254044768,0.3931056326895721,0.8493066045571898
sepsis,LR,0.018,0.4973063053246028,0.8410010282562881,0.3928365023453271,0.8539334062478214,0.2641101401663672,0.7003323812341213
sepsis,LR,0.02,0.4973063053246028,0.8410010282562881,0.39264570959715017,0.8539332432012532,0.17809627118279614,0.6012087656022702
